sample	chromosome	start.pos	end.pos	N.BAF	depth.ratio
SH06T01	1	13116	16862633	836	-0.6071752484609059
SH06T01	1	16890320	17087465	123	-0.44864714825939633
SH06T01	1	17087582	39749884	555	-0.6082925385287505
SH06T01	1	39950541	121129771	1105	0.3720661857689722
SH06T01	1	142667306	249212725	2585	0.35194892881368456
SH06T01	2	224919	92075709	1079	-0.37846645218073616
SH06T01	2	95522747	242946289	2067	-0.3941432369873956
SH06T01	3	361508	89528391	1035	-0.0921519135764266
SH06T01	3	93813846	197884212	1402	-0.12859408889537438
SH06T01	4	60400	49506337	721	-0.1619554053386274
SH06T01	4	52714511	57906986	68	-0.22065365736544196
SH06T01	4	62383135	122254119	658	-0.7735743119545699
SH06T01	4	122257950	190947451	484	-0.20249104582603272
SH06T01	5	155151	44310492	550	-0.2857074181927439
SH06T01	5	49695048	170215490	1343	0.06571163199526797
SH06T01	5	170221185	180631828	327	0.15785989449370974
SH06T01	6	203878	32281673	1120	0.6335303720026642
SH06T01	6	32485482	32498126	53	0.2504584607331828
SH06T01	6	32546629	32546802	12	0.5378917583560907
SH06T01	6	32546805	32557706	155	0.7946138567415533
SH06T01	6	32557749	32611068	93	1.0280935831723035
SH06T01	6	32627833	32628127	22	1.2988045336090073
SH06T01	6	32628420	32629530	65	0.9094153848709803
SH06T01	6	32629603	32977315	147	0.6884356417598614
SH06T01	6	33036287	33054177	140	0.4866504289308602
SH06T01	6	33054207	33054552	26	0.23708826318161869
SH06T01	6	33084596	43581691	428	0.6633814246918606
SH06T01	6	43646401	58287821	263	0.513296963776027
SH06T01	6	64498055	170190418	1105	-0.17194954090438053
SH06T01	7	31439	57509966	930	-0.04210877119377887
SH06T01	7	62708492	158827326	1710	-0.2513219998139641
SH06T01	8	183000	11970688	246	-0.7406887901892233
SH06T01	8	12032048	12272787	19	-1.8225663480275913
SH06T01	8	12285064	39644691	436	-0.6632933449689034
SH06T01	8	39678723	42614378	26	0.46919646936868187
SH06T01	8	48612953	95651599	299	0.912256827668793
SH06T01	8	95654288	146228779	820	1.2319260499994296
SH06T01	9	12863	45728080	525	-0.38124598938686405
SH06T01	9	65631910	141071552	1511	-0.2898385335217759
SH06T01	10	93603	38990444	523	-0.1685700244577324
SH06T01	10	42680864	135491155	1503	-0.09201029827046292
SH06T01	11	192997	51516257	1128	-0.09687995624254064
SH06T01	11	55071508	134856792	1523	-0.07210456414479183
SH06T01	12	68276	33030995	755	-0.0899990955131591
SH06T01	12	38710819	133389818	1678	-0.10622096281857685
SH06T01	13	19414238	103705044	692	-0.543184749913074
SH06T01	13	106118612	115010330	163	0.003930837036246082
SH06T01	14	19377859	20086290	29	-0.27121503049369244
SH06T01	14	20201972	107170410	1684	-0.1477643728083553
SH06T01	15	20170150	23326356	135	-0.14656237647741033
SH06T01	15	23406408	102294216	1634	-0.0385969316641942
SH06T01	15	102294368	102517992	32	-0.08206105660795904
SH06T01	16	61651	31885195	1048	-0.038446014153344144
SH06T01	16	31987859	33784956	79	-0.21803246250567754
SH06T01	16	46642286	90172766	1178	-0.7153502566035488
SH06T01	16	90229418	90234367	10	0.07207873017021815
SH06T01	17	181474	9613459	544	-0.48777276293662863
SH06T01	17	9680451	21826256	484	0.0948881695076984
SH06T01	17	25887530	81006387	1578	0.09962700075356268
SH06T01	17	81009582	81083266	16	-0.03447085738326905
SH06T01	18	48387	12634986	264	-0.6997513395577979
SH06T01	18	12948243	14866440	53	-0.06297731994611044
SH06T01	18	18690897	77927112	464	-0.7851372172917139
SH06T01	19	306553	24126610	1725	0.01621316745331547
SH06T01	19	30017759	59110529	2036	0.047497092337722924
SH06T01	20	138125	25900273	408	-0.05223881090774696
SH06T01	20	29623103	29633987	16	-0.05785680008876237
SH06T01	20	29652000	62871658	766	0.017503954959331214
SH06T01	21	9755804	9907592	14	-0.27025280340302515
SH06T01	21	10606585	11098863	24	-0.4838927735028513
SH06T01	21	14418486	47676934	630	-0.09968995586997531
SH06T01	22	16157701	34157526	761	-0.26348220877462514
SH06T01	22	35732603	51183017	722	0.6547690908670982
SH06T01	X	205300	53652852	96	-0.19416786904350114
SH06T01	X	72066630	155256972	31	-0.17774681444067986
SH06T02	1	13116	664468	19	-0.2107577515988579
SH06T02	1	668703	16890320	816	-0.7085326295234221
SH06T02	1	16890428	17250650	130	-0.5337095167831344
SH06T02	1	17250762	39361569	543	-0.7039888891097246
SH06T02	1	39717691	121129771	1102	0.39121114928224743
SH06T02	1	142667306	249212725	2567	0.39379379927919156
SH06T02	2	224919	92075709	1072	-0.2916639094922113
SH06T02	2	95522747	242946289	2067	-0.2891189647300023
SH06T02	3	361508	89528391	1029	-0.10129008323974131
SH06T02	3	93813846	197884212	1395	-0.11252294431180854
SH06T02	4	60400	49506337	707	-0.1838376699542834
SH06T02	4	52714511	57906986	63	-0.21285656160969124
SH06T02	4	62383135	122068133	649	-0.7947328315956986
SH06T02	4	122075739	190947451	485	-0.17621581649852958
SH06T02	5	155151	653343	49	-0.07433802597802819
SH06T02	5	716754	819671	23	-0.020872770812532027
SH06T02	5	822109	44310492	481	-0.04677362846994515
SH06T02	5	49695048	180631828	1662	0.004970800634151784
SH06T02	6	203878	32487123	1133	0.6955298800708059
SH06T02	6	32487153	32498126	37	0.2228507953074248
SH06T02	6	32546629	32552067	115	0.725584685482924
SH06T02	6	32552081	32557290	28	1.201439730743226
SH06T02	6	32557291	32629639	199	0.962417916167627
SH06T02	6	32629718	33036717	159	0.7187531951132677
SH06T02	6	33036853	33054268	131	0.6112406866443032
SH06T02	6	33054280	33054552	19	-0.09184902966997632
SH06T02	6	33084596	58287821	689	0.6794090759709139
SH06T02	6	64498055	170190418	1093	-0.09813369905567515
SH06T02	7	31439	56123837	896	-0.15289473715717294
SH06T02	7	56879426	57509966	16	-0.22343588654747415
SH06T02	7	62708492	158827414	1708	-0.13509342230180443
SH06T02	8	183000	12032586	239	-0.7320651909401648
SH06T02	8	12044201	12237901	15	-1.973634202746073
SH06T02	8	12245462	39618865	426	-0.6551945501102872
SH06T02	8	39678723	42614378	28	0.514273151287651
SH06T02	8	48612953	95654288	304	1.024121433923252
SH06T02	8	95658526	145193636	742	1.3494316098500465
SH06T02	8	145278171	145637914	9	1.4164370786683005
SH06T02	8	145650874	146228779	56	1.385178194312798
SH06T02	9	12863	45728080	529	-0.26761451778416423
SH06T02	9	65631910	71081188	56	-0.2973958787544233
SH06T02	9	71094208	141071552	1443	-0.19545920002133443
SH06T02	10	93603	38990444	519	-0.14479002673249086
SH06T02	10	42680864	135209484	1483	-0.07212454889624775
SH06T02	10	135269982	135491155	9	-0.02966554483765016
SH06T02	11	192997	51516257	1120	-0.17810095665125525
SH06T02	11	55071508	134856792	1495	-0.15634180197678826
SH06T02	12	68276	33030995	747	-0.08961994973803744
SH06T02	12	38710819	133352020	1655	-0.10435551701014811
SH06T02	13	19447688	103705044	675	-0.7295134662136578
SH06T02	13	106118612	115010330	158	-0.10431620803990338
SH06T02	14	19377859	107170410	1680	-0.20721061932635698
SH06T02	15	20170150	32886178	278	-0.05108316405438085
SH06T02	15	32889526	102517992	1515	-0.006988828956073667
SH06T02	16	61651	32163641	1053	-0.10004017731607995
SH06T02	16	32191941	33784956	70	-0.23199062258157976
SH06T02	16	46642286	90172766	1166	-0.7990054848587665
SH06T02	16	90229418	90234367	10	-0.03394933935585398
SH06T02	17	181474	9613459	532	-0.6774473492395615
SH06T02	17	9680451	21826256	487	0.15647338295131297
SH06T02	17	25887530	81043039	1565	0.13365119330459807
SH06T02	17	81082378	81083266	13	-0.09691916668515199
SH06T02	18	48387	12125657	264	-0.5862646915049166
SH06T02	18	12254956	14866440	55	0.11731263860275454
SH06T02	18	18690897	77927112	462	-0.5680494562595959
SH06T02	19	306553	24126610	1694	-0.1848589211790571
SH06T02	19	30017759	59110529	1989	-0.15802908669529203
SH06T02	20	138125	25900273	411	0.031464950393508495
SH06T02	20	29623103	62871658	782	0.06869023088809101
SH06T02	21	9825684	11098863	40	-0.4241078855991842
SH06T02	21	14418486	47676934	622	-0.1864100384553078
SH06T02	22	16157701	34022108	740	-0.39649586675861814
SH06T02	22	35732603	51182485	713	0.6164797737980583
SH06T02	X	205300	53652852	97	-0.2780715635843334
SH06T02	X	72066630	155256972	32	-0.20254105471381845
SH06T03	1	13116	16890428	840	-0.49839082907723253
SH06T03	1	16890598	17256313	132	-0.3841805584705609
SH06T03	1	17256877	17275072	18	-1.054337008339307
SH06T03	1	17318448	39717691	524	-0.4824208475311085
SH06T03	1	39749884	67581127	561	0.32768085938257396
SH06T03	1	68151980	121129771	516	0.12443027287706698
SH06T03	1	142667306	249212725	2505	0.19576694936306072
SH06T03	2	224919	92075709	1070	-0.19839213608120576
SH06T03	2	95522747	242946289	2061	-0.2267187763227455
SH06T03	3	361508	89528391	1007	-0.09403530077410183
SH06T03	3	93813846	197884212	1366	-0.1587968944300735
SH06T03	4	60400	49506337	706	-0.1560510559341628
SH06T03	4	52714511	57906986	64	-0.26080087674844665
SH06T03	4	62383135	122068133	655	-0.7808371485291498
SH06T03	4	122075739	190947451	475	-0.26393913257624213
SH06T03	5	155151	44310492	553	-0.1020519834173439
SH06T03	5	49695048	176929974	1425	-0.0633536958388905
SH06T03	5	176930981	180631828	203	0.09530102392029449
SH06T03	6	335251	32552067	1271	0.5562998954103779
SH06T03	6	32552081	32552354	27	1.163514143746767
SH06T03	6	32557278	32605555	28	0.5648262949632119
SH06T03	6	32606616	32606885	17	1.1852406410237926
SH06T03	6	32609299	32629509	150	0.8811255552874313
SH06T03	6	32629603	33041092	198	0.5952238698946664
SH06T03	6	33041171	33054342	100	0.6982726627418894
SH06T03	6	33054353	33054552	13	0.07095544294516021
SH06T03	6	33084641	47654864	538	0.5818922712854757
SH06T03	6	47661387	58287821	136	0.3591881202499525
SH06T03	6	64498055	170190418	1071	-0.29168078241137063
SH06T03	7	31439	57509966	916	-0.10381552398646166
SH06T03	7	62708659	158827326	1702	-0.07102895732516845
SH06T03	8	183000	39587599	691	-0.6904055614710245
SH06T03	8	39678723	42614378	26	0.5075596593114433
SH06T03	8	48612953	95547037	291	0.9851842001157436
SH06T03	8	95549280	145278171	743	1.2950607164570034
SH06T03	8	145536169	145692836	9	1.4128577210551945
SH06T03	8	145723419	146228779	53	1.4487934189687768
SH06T03	9	12863	45728080	518	-0.2692226847140058
SH06T03	9	65631910	141071552	1499	-0.13789109537638555
SH06T03	10	93603	38990444	516	-0.18342606205301826
SH06T03	10	42680864	135491155	1465	-0.09423898534649122
SH06T03	11	192997	51516257	1116	-0.1442847588926799
SH06T03	11	55071508	63233996	191	-0.12542470447023024
SH06T03	11	63256441	64083442	9	-0.040361812800787544
SH06T03	11	64109208	134856792	1293	-0.10207283111201115
SH06T03	12	68276	33030995	737	-0.11240367536626794
SH06T03	12	38710819	133389818	1638	-0.08486692352531389
SH06T03	13	19414238	103705044	661	-0.6586414618970204
SH06T03	13	106118612	115010330	155	-0.08889007789662962
SH06T03	14	19377859	20086290	29	-0.3630773475383895
SH06T03	14	20201972	107170410	1646	-0.14462506558446842
SH06T03	15	20170150	22706590	104	-0.20840858889352376
SH06T03	15	22707131	36946303	253	-0.13351628060857212
SH06T03	15	36983962	102294216	1378	0.005581700549844637
SH06T03	15	102294368	102517992	30	-0.0017020777574154877
SH06T03	16	61651	31885195	1036	-0.009808013732147014
SH06T03	16	31987859	33784956	77	-0.25409130885674824
SH06T03	16	46642286	90234367	1178	-0.6148943106395945
SH06T03	17	181474	9613459	543	-0.4122736282241639
SH06T03	17	9680451	21826256	479	0.05770568098233397
SH06T03	17	25887530	81082378	1553	0.0920553023770585
SH06T03	17	81082651	81083266	12	-0.20226011048719816
SH06T03	18	48387	12125657	269	-0.5156394225733324
SH06T03	18	12254956	14866440	57	0.31715780950936545
SH06T03	18	18690897	77927112	456	-0.5488641859086283
SH06T03	19	306553	24126610	1707	0.030621842410729405
SH06T03	19	30017759	44268678	710	0.07151213956942803
SH06T03	19	44273516	44302439	9	0.013203203941951847
SH06T03	19	44306656	59110529	1293	0.0638219408257914
SH06T03	20	138125	25900273	402	-0.0012000909260149184
SH06T03	20	29623103	29633794	9	-0.11663583638311781
SH06T03	20	29633916	62871658	765	0.10627330106272459
SH06T03	21	9825684	11098863	38	-0.42812264393534605
SH06T03	21	14418486	47676934	608	-0.40344267984074245
SH06T03	22	16157701	34022108	744	-0.18124761664623623
SH06T03	22	34157526	51182485	702	0.5733838435272076
SH06T03	X	205300	53652852	93	-0.20976021773493136
SH06T03	X	72066630	155256972	32	-0.21244090334166632
SH06T04	1	13116	16736738	840	-0.489563522227364
SH06T04	1	16769949	17033805	96	-0.33371891153545763
SH06T04	1	17033854	39717691	584	-0.4792536271580834
SH06T04	1	39749884	67452322	552	0.2648989397247359
SH06T04	1	67487119	121129771	517	0.10496977723186762
SH06T04	1	142667306	148342345	301	0.21463696971822843
SH06T04	1	148342369	249212725	2210	0.161098357490862
SH06T04	2	224919	92075709	1090	-0.06647105068163262
SH06T04	2	95522747	242946289	2088	-0.08110692217319992
SH06T04	3	361508	89528391	1038	-0.002860557977038436
SH06T04	3	93813846	197884212	1388	-0.04402944029825895
SH06T04	4	60400	49506337	718	-0.09310627978520003
SH06T04	4	52714244	57906986	66	-0.18669021684542508
SH06T04	4	62383135	122068133	657	-0.6717786409727337
SH06T04	4	122075739	190947451	486	-0.15590121528709877
SH06T04	5	155151	44310492	564	0.12333760715166475
SH06T04	5	49695048	175516446	1407	0.15408542902335087
SH06T04	5	175533585	180631828	268	0.27061565285130884
SH06T04	6	335251	32281673	1077	0.09151854364062828
SH06T04	6	32485482	32487215	26	0.7559914879024796
SH06T04	6	32489639	32548281	81	0.002960219718840529
SH06T04	6	32548632	32629438	267	0.26529417755779083
SH06T04	6	32629439	32630240	39	0.594091338180812
SH06T04	6	32632469	33054091	237	0.11265546458796138
SH06T04	6	33054141	33084641	38	-0.0176793026740637
SH06T04	6	33084698	58287821	661	0.08050411459234419
SH06T04	6	64498055	170190418	1103	-0.06448093663236765
SH06T04	7	31439	57509966	913	-0.07458570865718017
SH06T04	7	62708492	100609486	625	-0.02651430154158585
SH06T04	7	100609987	100616408	20	-0.07663170149357501
SH06T04	7	100624718	158827414	1066	-0.054863711633918566
SH06T04	8	183000	39618865	691	-0.6396663949307269
SH06T04	8	39678723	42614378	26	0.3593498442359788
SH06T04	8	48612953	95654288	298	0.7898387419197059
SH06T04	8	95658526	146228779	796	1.1049500405172554
SH06T04	9	12863	45728080	508	-0.5532951157406301
SH06T04	9	65631910	141071552	1474	-0.4774645136114626
SH06T04	10	93603	38990444	518	-0.10533429917773707
SH06T04	10	42680864	135209484	1475	-0.028902011117620252
SH06T04	10	135269982	135491155	9	0.05874634398744227
SH06T04	11	192997	51516257	1118	-0.08011755850116653
SH06T04	11	55071508	63256441	191	-0.06611535360020993
SH06T04	11	63682529	64109208	9	-0.020077836234183244
SH06T04	11	64374571	134856792	1305	-0.05321288400423185
SH06T04	12	68276	33030995	739	-0.017835207758697624
SH06T04	12	38710819	133389818	1654	-0.0350855995727265
SH06T04	13	19414238	103698630	673	-0.6835208429141726
SH06T04	13	103703579	115010330	163	0.031374633219115156
SH06T04	14	19377859	107170410	1694	-0.08791547502167507
SH06T04	15	20170150	23406408	135	-0.0738610031530722
SH06T04	15	23441293	102517992	1653	0.04310476929690621
SH06T04	16	61651	32002015	1060	0.16175681605459968
SH06T04	16	32077240	33784956	78	0.008359827159454714
SH06T04	16	46642286	90234367	1190	-0.588214452314741
SH06T04	17	181474	9680710	549	-0.41949395127666844
SH06T04	17	9725175	21826256	477	0.06341984111059595
SH06T04	17	25887530	81083266	1573	0.07063349719848011
SH06T04	18	48387	12125657	268	-0.5615510531557399
SH06T04	18	12254956	13611175	24	0.07609044823177902
SH06T04	18	13621342	14866440	31	0.602647460570457
SH06T04	18	18690897	77927028	457	-0.5713017515527087
SH06T04	19	306553	24126610	1711	0.13737695977221898
SH06T04	19	30017759	59110529	2040	0.17454864787642133
SH06T04	20	138125	25900273	409	-0.011350209844702364
SH06T04	20	29623103	29628488	9	0.29335645766189034
SH06T04	20	29633794	62871658	769	0.058852405754004966
SH06T04	21	9825684	11098863	40	-0.2817088285723983
SH06T04	21	14418486	47676934	620	-0.06454561264343417
SH06T04	22	16157701	34157526	750	-0.09725017015704074
SH06T04	22	35729721	51182485	710	0.5496886571389885
SH06T04	X	205300	53652852	97	-0.1286179427975056
SH06T04	X	72066630	155256972	30	-0.11877028937089606
SH06T05	1	13116	16769949	838	-0.5035207963676529
SH06T05	1	16809796	17265560	145	-0.3954212716159635
SH06T05	1	17266536	39717691	533	-0.4899677751216247
SH06T05	1	39749884	121129771	1083	0.1729076873765607
SH06T05	1	142667306	149290383	337	0.19004275660804293
SH06T05	1	149400411	249212725	2187	0.17017437149761272
SH06T05	2	224919	92075709	1088	-0.06113231802549335
SH06T05	2	95522747	242946289	2100	-0.06497149881789122
SH06T05	3	361508	89528391	1036	-0.039825309875838544
SH06T05	3	93813846	197884212	1400	-0.06499559039712877
SH06T05	4	60400	49506337	713	-0.08348165068733815
SH06T05	4	52714511	57906986	66	-0.13445080942401622
SH06T05	4	62383135	122250734	649	-0.6351931265021473
SH06T05	4	122254119	190947451	479	-0.10936495890700992
SH06T05	5	155151	44310492	561	0.09178542257490929
SH06T05	5	49695048	180631828	1677	0.14629775437858683
SH06T05	6	335251	32281673	1085	-0.006176681831741471
SH06T05	6	32485482	32487123	20	1.0463414120105146
SH06T05	6	32487153	32547020	64	-0.020870996185972435
SH06T05	6	32547997	32548272	22	-0.5595058095924403
SH06T05	6	32548514	32629439	271	0.08937703207715852
SH06T05	6	32629467	32630159	32	0.39000924719217545
SH06T05	6	32630176	33054091	241	0.0071097165181650546
SH06T05	6	33054141	33054457	35	0.05576501648445342
SH06T05	6	33054550	58287821	658	-0.02924208954643226
SH06T05	6	64498055	170190418	1090	-0.08141769774560603
SH06T05	7	31439	57509966	933	-0.004397641210201697
SH06T05	7	62708492	158827326	1717	0.024285656809604594
SH06T05	8	183000	11970688	241	-0.6524289327532915
SH06T05	8	12032048	12237901	17	-1.436440227847144
SH06T05	8	12245462	39644691	435	-0.5944642229065893
SH06T05	8	39678723	42614378	26	0.42086974898308394
SH06T05	8	48612953	100990177	355	0.8549355120731288
SH06T05	8	100994362	146228779	749	1.1247295846312966
SH06T05	9	12863	45728080	509	-0.6033116971514967
SH06T05	9	65631910	141071552	1485	-0.5296136433844038
SH06T05	10	93603	38990444	517	-0.10084371120494806
SH06T05	10	42680864	135491155	1491	-0.026668138139607223
SH06T05	11	192997	51516257	1121	-0.059573088507143046
SH06T05	11	55071508	134856792	1506	-0.05025961455318484
SH06T05	12	68276	33030995	745	-0.013398271677334539
SH06T05	12	38710819	133389818	1663	-0.04278154792255695
SH06T05	13	19414238	103705044	675	-0.6538876992552816
SH06T05	13	106118612	115010330	160	-0.12296932793601933
SH06T05	14	19377859	20086290	30	-0.14311544333207904
SH06T05	14	20201972	107170410	1678	-0.07592103686383445
SH06T05	15	20170150	23406408	133	-0.054469651044463996
SH06T05	15	23441293	102294216	1612	0.017106306941414573
SH06T05	15	102294368	102517992	30	-0.06335701688635498
SH06T05	16	61651	32077740	1055	0.009284932403159196
SH06T05	16	32077803	33784956	72	-0.09410481681764127
SH06T05	16	46642286	90234367	1198	-0.5898286504279839
SH06T05	17	181474	9613459	541	-0.43446969976790717
SH06T05	17	9680451	21826256	482	0.09855099364731035
SH06T05	17	25887530	81082378	1555	0.07741862304805602
SH06T05	17	81082651	81083266	11	-0.3625159011577631
SH06T05	18	48387	12125657	271	-0.5985405124743576
SH06T05	18	12254956	14866440	55	0.35984480174884403
SH06T05	18	18690897	77927112	464	-0.5970650972899176
SH06T05	19	306553	24126610	1723	0.07859273442558412
SH06T05	19	30017759	59110529	2039	0.12658659602707734
SH06T05	20	138125	25900273	414	0.014886091842319926
SH06T05	20	29623103	29633987	15	-0.11713811065375002
SH06T05	20	29652000	62871658	760	0.05236039758859978
SH06T05	21	9755804	11098863	42	-0.23254818461503346
SH06T05	21	14418486	47810815	624	-0.10594646568982347
SH06T05	22	16157701	16267136	9	0.14226686887290185
SH06T05	22	16269934	33562887	751	0.04006103884770296
SH06T05	22	33672894	51182485	720	0.6067031018064433
SH06T05	X	205300	53652852	96	-0.10293939559950238
SH06T05	X	72066630	155256972	33	-0.08009040155259362
SH06T06	1	13116	861630	22	-0.2703364601496834
SH06T06	1	865545	16769949	809	-0.6330310805826258
SH06T06	1	16809796	17087582	125	-0.48218589404737766
SH06T06	1	17197563	39717691	555	-0.649237334111333
SH06T06	1	39749884	121129771	1101	0.2700869553217309
SH06T06	1	142667306	249212725	2565	0.251361436595291
SH06T06	2	224919	92075709	1085	-0.18563242931192458
SH06T06	2	95522747	242946289	2105	-0.18674696927915213
SH06T06	3	361508	89528391	1039	-0.1115482611110088
SH06T06	3	93813846	197884212	1400	-0.1333222641744859
SH06T06	4	60400	49506337	735	0.12926637182869105
SH06T06	4	52714511	57906986	68	0.06874054718746647
SH06T06	4	62383135	122068133	669	-0.7401322159140078
SH06T06	4	122075739	190947451	502	0.09867066293035043
SH06T06	5	155151	44310492	562	-0.04765835805865226
SH06T06	5	49695048	180631828	1668	0.01314172190417362
SH06T06	6	203878	32487069	1135	0.5969808702391397
SH06T06	6	32487123	32490009	25	0.17939809007686414
SH06T06	6	32497765	32546879	34	0.4980747402345589
SH06T06	6	32546918	32547997	17	1.3646755508999426
SH06T06	6	32548026	32552067	79	0.6693513082840545
SH06T06	6	32552081	32552354	27	1.1293629671841106
SH06T06	6	32557263	32606885	49	0.7576406040925041
SH06T06	6	32609299	32629509	152	0.9006132924107475
SH06T06	6	32629603	32634355	99	0.6407394075976374
SH06T06	6	32634369	33037304	78	0.6161945430945319
SH06T06	6	33037412	33054235	113	0.544535498613814
SH06T06	6	33054268	33054457	18	-0.1880818912481801
SH06T06	6	33054550	43251118	419	0.6169458558025738
SH06T06	6	43251912	58287821	272	0.5004587060760801
SH06T06	6	64498055	170190418	1105	-0.15783782865178497
SH06T06	7	31439	57509966	944	-0.02194138659092615
SH06T06	7	62708492	158827414	1738	0.01528097969711939
SH06T06	8	183000	11970688	246	-0.757079673726806
SH06T06	8	12032048	12272787	19	-1.5898759196970347
SH06T06	8	12285132	39618865	435	-0.6830427718373456
SH06T06	8	39678723	42614378	26	0.304409530882088
SH06T06	8	48612953	95658526	302	0.7488863428986243
SH06T06	8	95677132	146228779	803	1.08137316253059
SH06T06	9	12863	45728080	530	-0.22316515096421874
SH06T06	9	65631910	70913781	60	-0.23786474015659975
SH06T06	9	70918542	141071552	1465	-0.132509275016496
SH06T06	10	93603	38990444	522	-0.17776480889128676
SH06T06	10	42680864	135209484	1481	-0.08697158861132748
SH06T06	10	135269982	135491155	9	-0.021144554746976962
SH06T06	11	192997	51516257	1122	-0.08705210827708221
SH06T06	11	55071508	134856792	1518	-0.06425187879551486
SH06T06	12	68276	33030995	782	0.19558200112245805
SH06T06	12	38710819	133389818	1705	0.18058419627525923
SH06T06	13	19414238	103705044	672	-0.7365467048485846
SH06T06	13	106118612	115010330	157	-0.19726232720334236
SH06T06	14	19377859	20086290	30	-0.24986607526208648
SH06T06	14	20201972	107170410	1663	-0.18790159749394597
SH06T06	15	20170150	23326356	132	-0.2230789990192329
SH06T06	15	23406408	102517992	1653	-0.1251231526878257
SH06T06	16	61651	31885195	1051	-0.10446271293092779
SH06T06	16	31987859	33784956	77	-0.23014103738531744
SH06T06	16	46642286	90234367	1188	-0.7262979803110752
SH06T06	17	181474	9613459	536	-0.567791877183194
SH06T06	17	9680451	21826256	487	0.03595247190475659
SH06T06	17	25887530	81006387	1560	0.035086352375093055
SH06T06	17	81009582	81083266	15	-0.19012982309835247
SH06T06	18	48387	12125657	269	-0.29597601646286
SH06T06	18	12254956	14866440	57	0.17720426943305068
SH06T06	18	18690897	77927028	477	-0.2862012445869352
SH06T06	19	306553	24126610	1711	-0.05602891792977893
SH06T06	19	30017759	59110529	2022	-0.03202719884051919
SH06T06	20	138125	25900273	413	-0.16028421672118687
SH06T06	20	29623103	29847571	17	-0.27408004510239403
SH06T06	20	29891200	62871658	761	-0.0980069359437099
SH06T06	21	9825684	10793844	16	-0.3496882812355864
SH06T06	21	10793925	11098863	23	-0.5625963285653173
SH06T06	21	14418486	47676934	628	-0.18583891210826253
SH06T06	22	16157701	34157526	758	-0.07725093400681282
SH06T06	22	35729721	51183017	724	0.6944824187099892
SH06T06	X	205300	53652852	97	-0.2399848773823734
SH06T06	X	72066630	155256972	31	-0.23312387017968295
SH06T07	1	13116	664468	19	-0.14557604458187057
SH06T07	1	668703	16769949	812	-0.707253624436045
SH06T07	1	16862633	17087465	124	-0.5389840560351609
SH06T07	1	17087582	39717691	558	-0.7270843697629352
SH06T07	1	39749884	121129771	1097	0.2609798420946732
SH06T07	1	142667306	249212725	2537	0.23942409261731523
SH06T07	2	224919	92075709	1080	-0.2266701221128079
SH06T07	2	95522747	242946289	2092	-0.2178994180794056
SH06T07	3	361508	89528391	1022	-0.18500902237358496
SH06T07	3	93813846	197884212	1378	-0.22781333839316376
SH06T07	4	60400	49506337	737	0.16172790333342002
SH06T07	4	52714511	57906986	71	0.08331554493058335
SH06T07	4	62383135	122075739	655	-0.8718395294916893
SH06T07	4	122250734	190947451	491	0.10837841104702362
SH06T07	5	155151	44310492	558	0.07780496200755338
SH06T07	5	49695048	180631828	1681	0.13384830859913088
SH06T07	6	203878	32188383	1111	0.5899297290210286
SH06T07	6	32188603	32498126	61	0.6279949202288608
SH06T07	6	32546623	32546703	9	1.1040657067360833
SH06T07	6	32546704	32547990	27	1.093881381378902
SH06T07	6	32547997	32552067	81	0.5490414812127336
SH06T07	6	32552081	32557290	29	1.1179531717815823
SH06T07	6	32557291	32606885	45	0.8077100339179113
SH06T07	6	32609299	32629509	150	0.957470718047339
SH06T07	6	32629603	32975381	144	0.6274581184810519
SH06T07	6	32977315	33053723	104	0.48009978193249925
SH06T07	6	33053728	33054552	61	0.44395421214517605
SH06T07	6	33084596	43252226	415	0.6203813181867521
SH06T07	6	43473092	58287821	264	0.4876765325078942
SH06T07	6	64498055	170190418	1081	-0.2586234463172754
SH06T07	7	31439	57509966	940	0.11679387596204482
SH06T07	7	62708492	158827414	1745	0.1505037675385772
SH06T07	8	183000	11970688	240	-0.7904683446303857
SH06T07	8	12032048	12272787	19	-1.9089045276816468
SH06T07	8	12285132	39840455	440	-0.6981741923612836
SH06T07	8	39842405	42614378	19	0.3583921680312878
SH06T07	8	48612953	95658526	296	0.745869555849902
SH06T07	8	95677132	146228779	804	1.1062014199026509
SH06T07	9	12863	45728080	530	-0.2675102169653658
SH06T07	9	65631910	71094230	63	-0.3111481534596223
SH06T07	9	71098986	141071552	1449	-0.15379532304890264
SH06T07	10	93603	38990444	513	-0.27199442268435625
SH06T07	10	42680864	135209484	1473	-0.18092280341345313
SH06T07	10	135269982	135491155	9	-0.020523654411351844
SH06T07	11	192997	51516257	1115	-0.21315829158957988
SH06T07	11	55071508	134856792	1491	-0.19564979778522662
SH06T07	12	68276	93317	23	-0.33891314566772746
SH06T07	12	149186	33030995	744	0.22020157102620552
SH06T07	12	38710819	133389818	1696	0.19957685227855793
SH06T07	13	19414238	103705044	675	-0.9017294136653624
SH06T07	13	106118612	115010330	159	-0.18808490036311643
SH06T07	14	19377859	20086290	31	-0.3422218525597296
SH06T07	14	20201972	107170410	1655	-0.25719389370502266
SH06T07	15	20170150	23406408	136	-0.2686444974783735
SH06T07	15	23441293	102517992	1638	-0.1501521219656694
SH06T07	16	61651	31885195	1037	-0.08354960232006581
SH06T07	16	31987859	33784956	76	-0.24289897867003019
SH06T07	16	46642286	90234367	1180	-0.8103728694502192
SH06T07	17	181474	9680451	538	-0.6854518296005405
SH06T07	17	9680679	21826256	479	-0.014392610310291376
SH06T07	17	25887530	81083266	1575	-0.01902660135693668
SH06T07	18	48387	12125657	273	-0.3259563380602759
SH06T07	18	12254956	14866440	56	0.16813885554396668
SH06T07	18	18690897	77927112	471	-0.32849003868895976
SH06T07	19	306553	7755285	692	-0.08119038951533075
SH06T07	19	7755469	7755582	9	-0.5132486524168935
SH06T07	19	7761456	24126610	998	-0.06971838542163655
SH06T07	19	30017759	59110529	2016	0.06821120319496843
SH06T07	20	138125	25900273	403	-0.20895057384351645
SH06T07	20	29623103	62871658	775	-0.13246926730151953
SH06T07	21	9825684	11021125	27	-0.45521769664631573
SH06T07	21	11038802	11098863	10	-0.7895826627695943
SH06T07	21	14418486	47676934	627	-0.211428207034153
SH06T07	22	16157701	34157526	766	-0.10120357036185812
SH06T07	22	35729721	51183017	722	0.7075210895715116
SH06T07	X	205300	53652852	95	-0.2925851582554777
SH06T07	X	72066630	155256972	32	-0.25175022293259497
SH06T08	1	13116	39361569	1512	-0.5046482732372406
SH06T08	1	39717691	66732529	527	0.37778193947399763
SH06T08	1	67098664	121129771	558	0.19302634046081635
SH06T08	1	142667306	249212725	2536	0.2534750467948683
SH06T08	2	224919	92075726	1066	-0.2803389483991745
SH06T08	2	95522747	242946289	2056	-0.3169680673830261
SH06T08	3	361508	89528391	1025	-0.08574569890519834
SH06T08	3	93813846	197884212	1382	-0.14138553700422385
SH06T08	4	60400	49506337	702	-0.18140106243076148
SH06T08	4	52714511	57906986	64	-0.2564163261231349
SH06T08	4	62383135	122068133	648	-0.7811742991570152
SH06T08	4	122075739	190947451	482	-0.2667117902077927
SH06T08	5	155151	44310492	560	-0.06561912089166588
SH06T08	5	49695048	172294916	1344	-0.03712705803472727
SH06T08	5	172315872	180631828	299	0.10183045038904615
SH06T08	6	203878	32487215	1138	0.5766647033540475
SH06T08	6	32489639	32490009	16	0.1295620656809131
SH06T08	6	32497803	32552048	131	0.7458636364490576
SH06T08	6	32552056	32606885	80	1.0135460704696886
SH06T08	6	32609299	32628845	117	0.9800535344156613
SH06T08	6	32628890	32977315	175	0.6503780594178961
SH06T08	6	33036287	33054457	165	0.48773232469521144
SH06T08	6	33054550	44403438	493	0.6018097557904645
SH06T08	6	44413463	58287821	192	0.39643780340478063
SH06T08	6	64498055	170190418	1077	-0.2496424793979517
SH06T08	7	31439	57509966	909	-0.16568209010442736
SH06T08	7	62708492	100609486	627	-0.10708760345250723
SH06T08	7	100609987	100615584	19	0.04784753235526096
SH06T08	7	100616408	158827414	1077	-0.13917366989459612
SH06T08	8	183000	7215484	168	-0.48528421133054045
SH06T08	8	7308386	12600596	113	-0.5377564880239641
SH06T08	8	12809667	39618865	426	-0.41956972763316724
SH06T08	8	39678723	42614378	26	0.454336698367257
SH06T08	8	48612953	99234772	347	0.8218170835062684
SH06T08	8	100990177	146228779	750	1.2358383431584166
SH06T08	9	12863	45728080	516	-0.22799767794740422
SH06T08	9	65631910	70183456	53	-0.2862212090183023
SH06T08	9	70862421	141071552	1452	-0.10571875241425399
SH06T08	10	93603	38990444	509	-0.19567397617036164
SH06T08	10	42680864	135209484	1471	-0.11467187976635052
SH06T08	10	135269982	135491155	9	0.03534447577748767
SH06T08	11	192997	51516257	1119	-0.13146053828139992
SH06T08	11	55071508	134856792	1497	-0.09769074980255033
SH06T08	12	68276	33030995	754	-0.07266783089935924
SH06T08	12	38710819	133389818	1650	-0.09624152076351244
SH06T08	13	19414238	107165255	672	-0.6784431030798521
SH06T08	13	107862841	115010330	152	-0.10790884783136478
SH06T08	14	19377859	20086290	30	-0.33346451284456413
SH06T08	14	20201972	107170410	1661	-0.17659585589027849
SH06T08	15	20170150	32971934	282	-0.1396573487967221
SH06T08	15	32988596	102294216	1463	-0.0038065987910067545
SH06T08	15	102294368	102517992	31	0.005402984731833316
SH06T08	16	61651	32002015	1045	-0.027919724641062738
SH06T08	16	32077240	33784956	75	-0.28766963962579273
SH06T08	16	46642286	90234367	1198	-0.6256522532432269
SH06T08	17	181474	9549441	543	-0.44105246400423426
SH06T08	17	9613459	21826256	488	0.20925722209752395
SH06T08	17	25887530	81083266	1599	0.2390403312999656
SH06T08	18	48387	12254956	265	-0.4461354499534347
SH06T08	18	12634986	14866440	54	0.07543171215635525
SH06T08	18	18690897	77927028	469	-0.45869409013969165
SH06T08	19	306553	24126610	1719	0.010936182363212366
SH06T08	19	30017759	59110529	2035	0.0788858282282976
SH06T08	20	138125	25900273	412	0.08542108091088263
SH06T08	20	29623103	29633794	9	-0.10334650589791483
SH06T08	20	29633916	62871658	774	0.18718846820135515
SH06T08	21	9825684	11098863	38	-0.2851065742484926
SH06T08	21	14418486	47676934	623	-0.0845176536146377
SH06T08	22	16157701	33562887	754	-0.12720712360361208
SH06T08	22	33672894	51182485	722	0.6533726792349308
SH06T08	X	205300	53652852	95	-0.24226270948648254
SH06T08	X	72066630	155256972	31	-0.23260032090680127
SH06T09	1	13116	39361569	1530	-0.5015011788712191
SH06T09	1	39717691	67442275	560	0.18789086781596165
SH06T09	1	67447450	121129771	527	0.004435569235396342
SH06T09	1	142667306	149290383	331	0.13245410114710277
SH06T09	1	149400411	249212725	2182	0.067052122454758
SH06T09	2	224919	92075709	1090	-0.11956037347888948
SH06T09	2	95522747	242946289	2100	-0.14903599135640966
SH06T09	3	361508	89528391	1036	-0.06796118243377736
SH06T09	3	93813846	197884212	1404	-0.11964153534939648
SH06T09	4	60400	49506337	723	-0.14304437205184484
SH06T09	4	52714511	57906986	65	-0.2400120390152799
SH06T09	4	62383135	122068133	654	-0.7781218044288781
SH06T09	4	122075739	190947451	489	-0.23101891374300987
SH06T09	5	155151	653343	50	0.050688926380495936
SH06T09	5	712351	819671	24	0.062344686132920435
SH06T09	5	822109	44310492	483	-0.03689927475413479
SH06T09	5	49695048	172461243	1383	0.015302642469698036
SH06T09	5	172512686	180631828	297	0.1565791159155574
SH06T09	6	203878	32281673	1085	0.022121951716456367
SH06T09	6	32485482	32485692	14	1.2043936216053237
SH06T09	6	32487023	32487215	12	0.8509491193650889
SH06T09	6	32489639	32548281	82	0.03760942497688724
SH06T09	6	32548514	32629193	253	0.2672267851303358
SH06T09	6	32629239	33054091	289	0.11944919966642842
SH06T09	6	33054141	33054457	35	0.14614612903001745
SH06T09	6	33054550	58287821	659	-0.0033432241734332457
SH06T09	6	64498055	170190418	1106	-0.14719023947691656
SH06T09	7	31439	57509966	930	-0.11666228371682474
SH06T09	7	62708492	158827414	1732	-0.0677090024447472
SH06T09	8	183000	11970688	243	-0.7716845417077425
SH06T09	8	12032048	12272787	19	-1.594680188996419
SH06T09	8	12285132	39618865	429	-0.6708438864130128
SH06T09	8	39678723	42614378	28	0.7292649969973883
SH06T09	8	48612953	86389403	218	1.247902967488439
SH06T09	8	86556087	86568143	9	0.8013578227382061
SH06T09	8	86575124	145166108	845	1.4891568950273903
SH06T09	8	145193636	145579950	9	1.5953825403217317
SH06T09	8	145637914	146228779	56	1.6400529947413842
SH06T09	9	12863	45728080	520	-0.4086601961266869
SH06T09	9	65631910	141071552	1492	-0.3458411911256978
SH06T09	10	93603	38990444	529	-0.15733633453632434
SH06T09	10	42680864	135491155	1508	-0.07583628351586624
SH06T09	11	192997	51516257	1128	-0.13126884663059912
SH06T09	11	55071508	134856792	1511	-0.07616701644522839
SH06T09	12	68276	33030995	757	-0.05889398471865637
SH06T09	12	38710819	133389818	1676	-0.07821256822509448
SH06T09	13	19414238	103705044	678	-0.73974621042092
SH06T09	13	106118612	115010330	162	-0.1453376574647376
SH06T09	14	19377859	20086290	30	-0.26495715448785107
SH06T09	14	20201972	107170410	1674	-0.11795859631063466
SH06T09	15	20170150	23685126	146	-0.13588026669274744
SH06T09	15	23686598	102294216	1623	0.015202411145244454
SH06T09	15	102294368	102517992	31	0.0023332947198198006
SH06T09	16	61651	31885195	1047	0.0013695611730015766
SH06T09	16	31987859	33784956	77	-0.21301999275889993
SH06T09	16	46642286	90172754	1187	-0.633582880593917
SH06T09	16	90172766	90244341	13	0.2124905663433576
SH06T09	17	181474	9549441	547	-0.43591962774669835
SH06T09	17	9613459	21826256	485	0.06613225520958355
SH06T09	17	25887530	81043039	1588	0.08539819944452853
SH06T09	17	81082378	81083266	13	-0.12240064462252187
SH06T09	18	48387	12125657	268	-0.709604349880794
SH06T09	18	12254956	14866440	59	0.5409073828019151
SH06T09	18	18690897	77927112	461	-0.7463954603812482
SH06T09	19	306553	24126610	1724	0.08902101737854484
SH06T09	19	30017759	59110529	2046	0.1333782213417094
SH06T09	20	138125	25900273	417	-0.029176629117876218
SH06T09	20	29623103	29628488	9	0.00900352585951314
SH06T09	20	29633794	62871658	775	0.06873085186299321
SH06T09	21	9825684	11098863	40	-0.35560016055763355
SH06T09	21	14418486	47676934	626	-0.10109650268708792
SH06T09	22	16157701	33562887	750	-0.11012898148870742
SH06T09	22	33672894	51182485	713	0.48858403827655805
SH06T09	X	205300	53652852	98	-0.18891250906331736
SH06T09	X	72066630	155256972	32	-0.19331141865040213
SH06T10	1	13116	664468	18	0.1206698324467339
SH06T10	1	668703	16736738	821	-0.4929304099798901
SH06T10	1	16769949	17087465	126	-0.31929160369970155
SH06T10	1	17087582	39361569	562	-0.47676932357727275
SH06T10	1	39717691	67136610	533	0.15690519448451568
SH06T10	1	67160814	121129771	546	-0.036197261732884956
SH06T10	1	142667306	149290383	335	0.08444665185150457
SH06T10	1	149400411	249212725	2183	0.029660069576676662
SH06T10	2	224919	92075709	1101	-0.04912070802537638
SH06T10	2	95522747	242946289	2127	-0.07639367068084701
SH06T10	3	361508	89528391	1037	-0.016784628249793876
SH06T10	3	93813846	197884212	1401	-0.08791503762739938
SH06T10	4	60400	49506337	719	-0.09902058361007893
SH06T10	4	52714511	57906986	66	-0.20555831704003413
SH06T10	4	62383135	122250734	648	-0.7607262890952634
SH06T10	4	122254119	190947451	486	-0.2117707606014776
SH06T10	5	155151	44310492	570	0.09201887059875746
SH06T10	5	49695048	171218200	1371	0.11632236599675161
SH06T10	5	171481606	180631828	311	0.26051539528849976
SH06T10	6	203878	29912796	572	-0.030844683436458187
SH06T10	6	29912925	32281673	516	0.08083261269236686
SH06T10	6	32485482	32487189	20	0.8408489706418911
SH06T10	6	32487209	32557478	174	-0.025756632365599885
SH06T10	6	32557506	32606885	35	0.45159012828986667
SH06T10	6	32609299	32610437	36	0.028199395125102944
SH06T10	6	32610689	32630240	146	0.35567886194714315
SH06T10	6	32632469	33054071	235	0.08082354942795367
SH06T10	6	33054091	33084641	39	-0.019003091094360824
SH06T10	6	33084698	44280812	465	0.06271632550003337
SH06T10	6	44310606	58287821	193	-0.14976457642111696
SH06T10	6	64498055	170190418	1108	-0.12599607505800026
SH06T10	7	31439	56879694	919	-0.0870628701304782
SH06T10	7	56891651	57509966	13	-0.25959138534466253
SH06T10	7	62708492	158827326	1724	-0.05430773165676872
SH06T10	8	183000	11970688	243	-0.7492134766602458
SH06T10	8	12032048	12291593	25	-1.5249113360211597
SH06T10	8	12423373	39842830	441	-0.657971695318569
SH06T10	8	39862783	42614378	17	0.44130693856218595
SH06T10	8	48612953	86389403	215	0.8283377619221033
SH06T10	8	86556087	86575124	10	0.4425280525703177
SH06T10	8	87163770	146228779	883	1.1509973314118906
SH06T10	9	12863	45728080	510	-0.6746194664034126
SH06T10	9	65631910	70183456	53	-0.7473604074069768
SH06T10	9	70862421	141071552	1427	-0.5520984325914462
SH06T10	10	93603	38990444	515	-0.10449882364402407
SH06T10	10	42680864	135209484	1496	-0.011399968608752808
SH06T10	10	135269982	135491155	9	0.2071933318122725
SH06T10	11	192997	18231915	675	-0.058444242749868036
SH06T10	11	18267373	51516257	459	-0.1482777820414214
SH06T10	11	55071508	63233710	193	-0.07051705997268287
SH06T10	11	63233996	64083442	11	0.02468001615746518
SH06T10	11	64109208	76418359	388	0.03039701001478523
SH06T10	11	76418596	134856792	929	-0.11769295061374063
SH06T10	12	68276	33030995	759	-0.0020886997208984237
SH06T10	12	38710819	40884758	69	-0.2029650955561595
SH06T10	12	40888041	133352020	1609	0.0021123222223407012
SH06T10	13	19414238	103705044	673	-0.7261997610014248
SH06T10	13	106118612	115010330	159	-0.07438984659191339
SH06T10	14	19377859	20012798	29	-0.1599977741285643
SH06T10	14	20012850	106110966	1593	-0.05213897603698969
SH06T10	14	106134466	107170410	91	-0.06050592497386398
SH06T10	15	20170150	23138992	127	-0.09085375369460058
SH06T10	15	23182267	34825132	226	-0.04515010179231038
SH06T10	15	35046505	102294216	1429	0.08055968077903142
SH06T10	15	102294368	102517992	31	0.09912680252537598
SH06T10	16	61651	31885195	1058	0.08438178314741829
SH06T10	16	31987859	33784956	79	-0.1467535341241758
SH06T10	16	46642286	90234367	1205	-0.5981941421968424
SH06T10	17	181474	9515777	543	-0.4164370722899793
SH06T10	17	9538649	21826256	488	0.05415402693066862
SH06T10	17	25887530	81083266	1591	0.07524968288248624
SH06T10	18	48387	12125657	268	-0.7208613233964661
SH06T10	18	12254956	14866440	57	0.34243649034517754
SH06T10	18	18690897	77927112	461	-0.743858961303002
SH06T10	19	306553	24126610	1727	0.16060114751637533
SH06T10	19	30017759	59110529	2061	0.20393559893547164
SH06T10	20	138125	25900273	419	0.021759770737804995
SH06T10	20	29623103	29633986	15	-0.06529231437776972
SH06T10	20	29633987	62871658	779	0.12067777922944911
SH06T10	21	9825684	9907592	12	-0.22562129675487852
SH06T10	21	10606585	11098863	24	-0.6135290157841045
SH06T10	21	14418486	15345174	9	-0.3105939663933843
SH06T10	21	15352253	47676934	627	0.0013486079617202051
SH06T10	22	16157701	16914189	22	-0.15185400695728624
SH06T10	22	17055458	33562887	745	0.11257016512555595
SH06T10	22	33672894	51183017	728	0.6144126521128648
SH06T10	X	205300	53652852	101	-0.11968601946749413
SH06T10	X	72066630	155256972	32	-0.12123224446731318
SH06T11	1	13116	39749884	1540	-0.3740703072218641
SH06T11	1	39950541	66732529	533	0.35271965490623036
SH06T11	1	67098664	121129771	561	0.16047650201974406
SH06T11	1	142667306	249212725	2558	0.256526224133645
SH06T11	2	224919	92075726	1080	-0.21901002329777486
SH06T11	2	95522747	242946289	2081	-0.23230860832233458
SH06T11	3	361508	89528391	1033	-0.08525836564732958
SH06T11	3	93813846	197884212	1398	-0.14608048451394595
SH06T11	4	60400	49506337	721	-0.13061448280703492
SH06T11	4	52714244	57906986	71	-0.2168099856329111
SH06T11	4	62383135	122261785	677	-0.653487157770926
SH06T11	4	122590913	190947451	474	-0.22605484358253403
SH06T11	5	155151	44310492	561	-0.068950463633771
SH06T11	5	49695048	171201499	1351	-0.04441090171158546
SH06T11	5	171217371	180631828	313	0.0961069386910689
SH06T11	6	203878	32552141	1286	0.5154380126274081
SH06T11	6	32552171	32552354	19	1.2279332386977617
SH06T11	6	32557278	32605555	29	0.615043101352049
SH06T11	6	32606616	32606885	17	1.44225344004888
SH06T11	6	32609299	32629400	139	0.9120293448993364
SH06T11	6	32629408	32630240	43	0.8163226259221432
SH06T11	6	32632469	32634188	51	0.408739250038908
SH06T11	6	32634226	33036971	80	0.5914410706328459
SH06T11	6	33037045	33054457	143	0.52096135839319
SH06T11	6	33054550	46682079	514	0.5388751291434404
SH06T11	6	46684222	58287821	171	0.3167052662339487
SH06T11	6	64498055	170190418	1090	-0.19830775622166763
SH06T11	7	31439	57509966	928	-0.09246561841982814
SH06T11	7	62708492	158827414	1725	-0.07606478279234241
SH06T11	8	183000	39785321	714	-0.47588220420863625
SH06T11	8	39821386	42614378	24	0.3198680098650084
SH06T11	8	48612953	95677132	297	0.6563271636387258
SH06T11	8	95778148	146228779	794	0.9856585998609941
SH06T11	9	12863	45728080	530	-0.22317872199979294
SH06T11	9	65631910	70913781	58	-0.35255579320174624
SH06T11	9	70918542	141071552	1465	-0.09591381975955093
SH06T11	10	93603	38990444	517	-0.15495627193115946
SH06T11	10	42680864	135209484	1491	-0.07346873087240335
SH06T11	10	135269982	135491155	9	0.10760922612967794
SH06T11	11	192997	4566870	312	-0.06516352601415376
SH06T11	11	4593334	51516257	810	-0.19086362841204096
SH06T11	11	55071508	76884122	614	-0.06498498472688086
SH06T11	11	76885779	134856792	902	-0.1718688803099928
SH06T11	12	68276	33030995	751	-0.021175022363961404
SH06T11	12	38710819	40911882	80	-0.18605295495179774
SH06T11	12	40912236	133352020	1592	-0.0365707579168526
SH06T11	13	19414238	107145904	696	-0.5241532099075636
SH06T11	13	107165255	115010330	155	-0.07198646961641197
SH06T11	14	19377859	20086290	30	-0.2334513251383985
SH06T11	14	20201972	107170410	1675	-0.11815187411011929
SH06T11	15	20170150	22707135	107	-0.1734852609582178
SH06T11	15	22707272	102294216	1656	-0.0035725496850192995
SH06T11	15	102294368	102517992	31	0.014143983909474134
SH06T11	16	61651	31885195	1059	-0.014127894308599842
SH06T11	16	31987859	33784956	79	-0.26526357388228305
SH06T11	16	46642286	90234367	1208	-0.5037075646920384
SH06T11	17	181474	9613459	548	-0.24843966674337903
SH06T11	17	9680451	21826256	481	0.10752833449697397
SH06T11	17	25887530	81043039	1569	0.14968819175190373
SH06T11	17	81082378	81083266	13	0.10950262885647599
SH06T11	18	48387	12096249	262	-0.5017102398663351
SH06T11	18	12097547	14866440	63	-0.02963443860962145
SH06T11	18	18690897	77927112	465	-0.5201884461931344
SH06T11	19	306553	24126610	1727	0.058749777020457916
SH06T11	19	30017759	59110529	2049	0.1186278813617978
SH06T11	20	138125	25900273	416	0.06784130763444907
SH06T11	20	29623103	29633794	9	-0.004588282930038656
SH06T11	20	29633916	62871658	775	0.17126946101567442
SH06T11	21	9825684	11021125	30	-0.22277434001275487
SH06T11	21	11038802	11098863	10	-0.6265630993225004
SH06T11	21	14418486	36079492	185	-0.2388027699880806
SH06T11	21	36080290	47676934	442	-0.07807237071806039
SH06T11	22	16157701	18609065	75	-0.09544128516258865
SH06T11	22	18671463	18870974	18	-0.04888841433021518
SH06T11	22	18898874	34157526	668	-0.029378160686045818
SH06T11	22	35732603	51183017	724	0.6256805188462591
SH06T11	X	205300	53652852	96	-0.24036985932842736
SH06T11	X	72066630	155256972	32	-0.2310447906033506
SH06T12	1	13116	39950541	1547	-0.1592532860307858
SH06T12	1	39957913	121129771	1085	0.166707108013048
SH06T12	1	142667306	249212725	2528	0.14201095717578416
SH06T12	2	224919	92075709	1085	-0.08987301543188242
SH06T12	2	95522747	114335961	293	-0.1015694515380553
SH06T12	2	114340433	114357862	23	-0.027051476280504305
SH06T12	2	114386172	242946289	1785	-0.10539018790471721
SH06T12	3	361508	89528391	1024	-0.027798993346812573
SH06T12	3	93813846	197884212	1389	-0.06806855639738041
SH06T12	4	60400	49506337	719	-0.08547061782682419
SH06T12	4	52714511	190947451	1233	-0.2584806701170297
SH06T12	5	155151	653343	50	-0.0895390169418997
SH06T12	5	716754	822123	25	-0.03257720230679162
SH06T12	5	823820	44310492	480	-0.12389981320493526
SH06T12	5	49695048	175533585	1381	-0.09972014663654472
SH06T12	5	175533750	180631828	265	0.007404195527112467
SH06T12	6	335251	32490009	1138	0.3566906841733042
SH06T12	6	32497773	33036388	497	0.4309231113828931
SH06T12	6	33036394	33054091	124	0.3041731426197709
SH06T12	6	33054141	46658905	532	0.3770981989900357
SH06T12	6	46660798	58287821	172	0.20039600073165809
SH06T12	6	64498055	170190418	1097	-0.11938977275661555
SH06T12	7	31439	57509966	924	-0.10564260553486438
SH06T12	7	62708492	158827326	1726	-0.07788091153648902
SH06T12	8	183000	42614378	735	-0.23273057847952006
SH06T12	8	48612953	95677132	292	0.5820319241336689
SH06T12	8	95802054	146228779	781	0.8280993051851757
SH06T12	9	12863	45728080	534	-0.19613207707539826
SH06T12	9	65631910	70913781	56	-0.25773343653027814
SH06T12	9	70918542	141071552	1458	-0.0878114274059022
SH06T12	10	93603	38990444	522	-0.10490853216991392
SH06T12	10	42680864	135491155	1488	-0.024403629821136086
SH06T12	11	192997	51516257	1124	-0.08103156864046168
SH06T12	11	55071508	64002495	192	-0.06628905536882823
SH06T12	11	64011556	64374571	9	-0.026451544833861584
SH06T12	11	64428300	78128775	475	0.006160712097982524
SH06T12	11	78128797	107396158	263	-0.17932984975977684
SH06T12	11	107402995	134856792	567	-0.07705048320229313
SH06T12	12	68276	33030995	750	-0.012265720887163156
SH06T12	12	38710819	40907046	74	-0.15506822301650214
SH06T12	12	40907087	133352020	1588	-0.036699362708852434
SH06T12	13	19414238	107165255	705	-0.34566918324729656
SH06T12	13	107862841	115010330	155	-0.08263956853415344
SH06T12	14	19377859	20201972	30	-0.16082587052077868
SH06T12	14	20202040	107170410	1666	-0.0902436611180818
SH06T12	15	20170150	22707135	103	-0.1275268390103781
SH06T12	15	22707272	102294216	1655	0.0318046519942361
SH06T12	15	102294368	102517992	32	0.009186444778683578
SH06T12	16	61651	31885195	1051	0.02496043573496154
SH06T12	16	31987859	33784956	78	-0.14871237274940052
SH06T12	16	46642286	90234367	1220	-0.2809976287784519
SH06T12	17	181474	9065935	543	-0.08852789885068968
SH06T12	17	9066248	21826256	496	0.09948219575937944
SH06T12	17	25887530	81083266	1580	0.12207514958463128
SH06T12	18	48387	112354	9	-0.22346858052428942
SH06T12	18	480801	12125657	262	-0.3300889159285245
SH06T12	18	12254956	14866440	57	0.11128531186951429
SH06T12	18	18690897	77927028	467	-0.33595301074392947
SH06T12	19	306553	24126610	1723	0.10791546351729209
SH06T12	19	30017759	59110529	2048	0.1294134622201204
SH06T12	20	138125	25900273	411	-0.006039143368553823
SH06T12	20	29623103	29633794	9	-0.02030649003540741
SH06T12	20	29633916	62871658	770	0.06081162509366722
SH06T12	21	9825684	11098863	37	-0.1823574182415546
SH06T12	21	14418486	15345174	9	-0.15140680560039854
SH06T12	21	15352253	47676934	617	-0.012036174754572304
SH06T12	22	16157701	16914189	25	-0.19524512327555388
SH06T12	22	17055458	33562887	738	-0.012079551156835344
SH06T12	22	33672894	51182485	710	0.4209923298341125
SH06T12	X	205300	53652852	99	-0.1314403114810847
SH06T12	X	72066630	155256972	31	-0.13835369373904438
SH06T13	1	13116	39717691	1549	-0.3816152407777218
SH06T13	1	39749884	67581127	560	0.10577176887104311
SH06T13	1	68151980	121129771	514	-0.08849510832109608
SH06T13	1	142667306	149290383	338	0.023651916098547998
SH06T13	1	149400411	249212725	2184	-0.030940232311175264
SH06T13	2	224919	92075709	1101	-0.08835662456061322
SH06T13	2	95522747	242946289	2100	-0.1181401752954222
SH06T13	3	361508	89528391	1041	-0.04533143942125806
SH06T13	3	93813846	197884212	1413	-0.11221510249243771
SH06T13	4	60400	49064033	724	-0.09338123409894994
SH06T13	4	52714511	57906986	63	-0.19121159072218719
SH06T13	4	62383135	122068133	667	-0.6644796312586728
SH06T13	4	122075739	190947451	490	-0.1954049574627148
SH06T13	5	155151	653343	48	0.05455169096650114
SH06T13	5	712351	819671	25	0.02999307639867288
SH06T13	5	822109	44310492	485	-0.06587149279234417
SH06T13	5	49695048	175995935	1416	-0.023272177525964555
SH06T13	5	175998208	180631828	261	0.1259370411923908
SH06T13	6	203878	32605555	1340	0.4148454370338537
SH06T13	6	32606616	32629509	169	0.709901010491155
SH06T13	6	32629603	32977315	144	0.49153257860625144
SH06T13	6	33036287	33054552	167	0.3812825816446954
SH06T13	6	33084596	46660798	506	0.4505035260773551
SH06T13	6	46672943	58287821	178	0.22955134990004478
SH06T13	6	64498055	81053642	96	-0.25723811667804253
SH06T13	6	82882980	84764982	23	-0.6885654110018448
SH06T13	6	86180926	170190418	982	-0.15564109395044645
SH06T13	7	31439	57509966	942	-0.1065956125765729
SH06T13	7	62708492	158827414	1726	-0.07736874125594506
SH06T13	8	183000	39618865	701	-0.5978627547161746
SH06T13	8	39644691	42614378	28	0.5001595781214809
SH06T13	8	48612953	95174434	279	0.7273943255648474
SH06T13	8	95174570	146228779	823	1.1000727011871452
SH06T13	9	12863	45728080	522	-0.46069335832576763
SH06T13	9	65631910	141071552	1512	-0.33004781112976633
SH06T13	10	93603	38990444	521	-0.12953204639294635
SH06T13	10	42680864	135491155	1510	-0.0410109139117365
SH06T13	11	192997	51516257	1131	-0.08526034127599358
SH06T13	11	55071508	60701987	106	-0.16052816528798586
SH06T13	11	60702346	76900267	520	0.02350529499803944
SH06T13	11	76901273	134856792	903	-0.11199664711281954
SH06T13	12	68276	33030995	761	0.018430957397409298
SH06T13	12	38710819	104086631	900	-0.04193096359225679
SH06T13	12	104092996	133352020	786	0.06741218910391411
SH06T13	13	19414238	103698630	675	-0.6404847380232228
SH06T13	13	103703579	115010330	166	-0.08549959083595315
SH06T13	14	19377859	20012850	28	-0.19573969040305128
SH06T13	14	20086180	54996630	625	-0.16013436704819628
SH06T13	14	55344901	58742729	28	-0.5665185970334286
SH06T13	14	58766617	107170410	1023	-0.05406361640899182
SH06T13	15	20170150	22466126	101	-0.09262869443378874
SH06T13	15	22705311	32988596	183	-0.0906986032095608
SH06T13	15	33010412	102294216	1496	0.058974840557388
SH06T13	15	102294368	102517992	34	0.021994445959578668
SH06T13	16	61651	32002015	1061	0.05100416230566007
SH06T13	16	32077240	33784956	78	-0.21368736081313755
SH06T13	16	46642286	90244341	1210	-0.5048779716735314
SH06T13	17	181474	9549441	551	-0.3120948211876854
SH06T13	17	9613459	21826256	489	0.12916670378806128
SH06T13	17	25887530	81083266	1602	0.1606552084919195
SH06T13	18	48387	12125657	273	-0.4640972946858435
SH06T13	18	12254956	14866440	56	0.35857622517710874
SH06T13	18	18690897	77927112	480	-0.4883211702714917
SH06T13	19	306553	24126610	1744	0.13366296295455093
SH06T13	19	30017759	54697079	1642	0.1647325268098505
SH06T13	19	54697246	54726784	9	0.1893711536469609
SH06T13	19	54726816	59110529	409	0.17463699834356494
SH06T13	20	138125	25900273	416	-2.3149464835681144e-4
SH06T13	20	29623103	29847571	17	-0.20155799565947563
SH06T13	20	29891200	62871658	779	0.10038351273347157
SH06T13	21	9825684	11098863	41	-0.27781821823009256
SH06T13	21	14418486	47676934	633	-0.02495127309651224
SH06T13	22	16157701	16287155	13	-0.15686808918149164
SH06T13	22	16353275	32021836	743	0.10881738409014341
SH06T13	22	32097775	51183017	744	0.5190262310350262
SH06T13	X	205300	53652852	99	-0.15737242206440527
SH06T13	X	72066630	155256972	32	-0.15526829284141053
SH06T14	1	13116	39361569	1559	-0.25493278555895005
SH06T14	1	39717691	67109479	535	0.14026602493457885
SH06T14	1	67125932	121129771	556	-0.06394418535581325
SH06T14	1	142667306	149279739	344	0.09604536524844987
SH06T14	1	149290301	249212725	2206	0.008664967006382751
SH06T14	2	224919	92075709	1106	-0.07037101804734114
SH06T14	2	95522747	232234493	1723	-0.12757202199919415
SH06T14	2	232263127	242946289	409	0.07079196048004532
SH06T14	3	361508	89528391	1045	-0.024111890798720226
SH06T14	3	93813846	197884212	1415	-0.10201762071695197
SH06T14	4	60400	8605818	353	-7.00511158223116e-4
SH06T14	4	8605933	49064033	374	-0.17616738247450814
SH06T14	4	52714244	57687851	64	-0.2161395008374295
SH06T14	4	57906930	122261495	687	-0.5877681630646983
SH06T14	4	122261785	190947451	486	-0.21117864169959866
SH06T14	5	155151	44310492	564	0.007572862930926183
SH06T14	5	49695048	98858147	453	0.026989731102526893
SH06T14	5	98858222	99727141	20	-0.21529481308022924
SH06T14	5	101575091	172097353	897	0.023969375261653658
SH06T14	5	172293965	180631828	314	0.18286086425788417
SH06T14	6	335251	30003797	597	0.10067870502449261
SH06T14	6	30024749	32281673	500	0.22139515289908518
SH06T14	6	32485482	32487123	18	0.8356239930465603
SH06T14	6	32487153	32605555	209	0.24454894899231872
SH06T14	6	32606616	32606885	17	0.8763216641011566
SH06T14	6	32609299	32609456	12	0.26048697153198574
SH06T14	6	32609722	32634188	223	0.44053456952962566
SH06T14	6	32634226	33054091	185	0.20904035678047617
SH06T14	6	33054141	33084641	38	0.19486629213365902
SH06T14	6	33084698	43252141	406	0.19797968552218692
SH06T14	6	43252211	58287821	268	0.03797479913463708
SH06T14	6	64498055	170190418	1121	-0.08539809132347542
SH06T14	7	31439	57509966	941	-0.09395107647413103
SH06T14	7	62708492	98649628	465	-0.07677156190480294
SH06T14	7	98650051	100609486	173	0.06188587561060599
SH06T14	7	100609987	100624643	21	0.10979373053034625
SH06T14	7	100624718	158827414	1084	-0.07841694820782075
SH06T14	8	183000	39785321	717	-0.47808389318988265
SH06T14	8	39821386	42614378	23	0.28944060013523765
SH06T14	8	48612953	95658526	293	0.5578355967699764
SH06T14	8	95677132	146228779	797	0.9165867921260071
SH06T14	9	12863	45728080	526	-0.4399092416539998
SH06T14	9	65631910	141071552	1515	-0.3070678703065267
SH06T14	10	93603	38990444	521	-0.10910971004755754
SH06T14	10	42680864	135209484	1520	-0.013383228936215796
SH06T14	10	135269982	135491155	9	0.17931407684072687
SH06T14	11	192997	5275498	340	0.008697924926187595
SH06T14	11	5364276	51516257	796	-0.11791381321592731
SH06T14	11	55071508	64002495	197	-0.036834456392089265
SH06T14	11	64011556	64374571	9	0.0378641095214749
SH06T14	11	64428300	86098786	527	0.03591567517059402
SH06T14	11	86119396	112020916	265	-0.21114463295853814
SH06T14	11	112025916	134856792	543	-0.06523633430880027
SH06T14	12	68276	33030995	770	-0.009933282700303359
SH06T14	12	38710819	133389818	1693	-0.015901650308029036
SH06T14	13	19447688	107165255	707	-0.5367811066516956
SH06T14	13	107862841	115010330	159	-0.05209602553232795
SH06T14	14	19377859	20201972	33	-0.23922638654483563
SH06T14	14	20202040	106110137	1596	-0.06767099224617512
SH06T14	14	106110914	107170410	94	-0.07726108415417243
SH06T14	15	20170150	23406408	136	-0.07391572450662354
SH06T14	15	23441293	37173267	232	-0.030595498813795752
SH06T14	15	37173379	102294216	1439	0.10299203255541833
SH06T14	15	102294368	102517992	31	0.10807286547639694
SH06T14	16	61651	1274718	131	0.09994620826086553
SH06T14	16	1277472	1306927	31	0.05796170697407654
SH06T14	16	1311333	31510570	908	0.09364252093221825
SH06T14	16	31745036	33784956	80	-0.14019490630663933
SH06T14	16	46642286	90234367	1227	-0.3879960752103555
SH06T14	17	181474	9613459	559	-0.17806719448336006
SH06T14	17	9680451	21826256	495	0.11053715566061317
SH06T14	17	25887530	81082378	1599	0.1416311847784577
SH06T14	17	81082651	81083266	12	0.05552366698579525
SH06T14	18	48387	12125657	276	-0.4979410620253879
SH06T14	18	12254956	14866440	57	0.2128037660089428
SH06T14	18	18690897	77927112	470	-0.5194808222045645
SH06T14	19	306553	22155764	1715	0.18357617032216456
SH06T14	19	22363493	22784697	9	0.12515295580572428
SH06T14	19	22784843	24126610	36	0.09703698922797721
SH06T14	19	30017759	59110529	2086	0.2107014565437575
SH06T14	20	138125	25900273	421	0.016752502412328063
SH06T14	20	29623103	29847571	17	-0.2757961870854556
SH06T14	20	29891200	62871658	783	0.12156773426870338
SH06T14	21	9825684	11098863	39	-0.21708107896209583
SH06T14	21	14418486	35166945	169	-0.11915943142061058
SH06T14	21	35190802	47676934	465	0.08475712310960004
SH06T14	22	16157701	17060707	26	-0.08675474393570293
SH06T14	22	17063530	34157526	755	0.14447727781226072
SH06T14	22	35729721	51183017	734	0.529152401453421
SH06T14	X	205300	2688866	73	-0.49960939175573793
SH06T14	X	2692597	53652852	27	-0.09396639598941148
SH06T14	X	72066630	155256972	33	-0.13195635011385187
SH06T15	1	13116	16890320	848	-0.4043937388358019
SH06T15	1	16890428	17249395	129	-0.2629475966414373
SH06T15	1	17250650	39717691	559	-0.39213405022048864
SH06T15	1	39749884	67447450	559	0.15750958856462582
SH06T15	1	67452322	121129771	525	-0.02432282503290706
SH06T15	1	142667306	149290301	332	0.11135284457993544
SH06T15	1	149290370	249212725	2200	0.043301725754563813
SH06T15	2	224919	92075726	1102	-0.056474209190620295
SH06T15	2	95522747	242946289	2132	-0.08420502484207248
SH06T15	3	361508	89528391	1042	-0.023928129991340308
SH06T15	3	93813846	197884212	1410	-0.0825102897205171
SH06T15	4	60400	49506337	728	-0.08215292269804109
SH06T15	4	52714244	57906986	69	-0.1759371258411424
SH06T15	4	62383135	122075739	669	-0.6561673572080137
SH06T15	4	122250734	190947451	497	-0.17085604705967805
SH06T15	5	155151	44310492	574	0.06375162773079257
SH06T15	5	49695048	180631828	1690	0.11384101218165177
SH06T15	6	203878	32485656	1110	0.14184656261542106
SH06T15	6	32485659	32548281	95	-0.029602221974213472
SH06T15	6	32548514	32605555	110	0.1710926811572051
SH06T15	6	32606616	32606885	17	0.7957775705650671
SH06T15	6	32609299	32609873	17	0.18684741541370053
SH06T15	6	32609965	32610228	15	0.24353791269617986
SH06T15	6	32610401	32611068	30	0.33682170260041655
SH06T15	6	32627850	32629963	102	0.516615916427968
SH06T15	6	32630028	33053728	228	0.19468402231474613
SH06T15	6	33053737	33054552	60	0.23881436190765615
SH06T15	6	33084596	44413463	481	0.16591988884935693
SH06T15	6	45922849	58287821	189	-0.037363729783847166
SH06T15	6	64498055	170190418	1111	-0.07551174241266623
SH06T15	7	31439	57509966	938	-0.05102155454078572
SH06T15	7	62708492	100609486	638	0.009010516794449641
SH06T15	7	100609987	100616408	20	-0.018208766057817405
SH06T15	7	100624643	158827414	1077	-0.024189774538783237
SH06T15	8	183000	11970688	249	-0.654999064666042
SH06T15	8	12032048	12272787	20	-1.386079570488058
SH06T15	8	12285132	39644691	438	-0.570249420739873
SH06T15	8	39678723	42614378	26	0.34406345313285347
SH06T15	8	48612953	94739345	273	0.724317030052019
SH06T15	8	94752754	146228779	840	1.0528711748679394
SH06T15	9	12863	45728080	517	-0.5799361605155259
SH06T15	9	65631910	141071552	1493	-0.46028033849046035
SH06T15	10	93603	38990444	524	-0.09539716477948801
SH06T15	10	42680864	135491155	1512	-0.01641687952247184
SH06T15	11	192997	51516257	1129	-0.11905751329682368
SH06T15	11	55071508	76832719	611	-0.04194242654743585
SH06T15	11	76832812	112065483	384	-0.2093962501056451
SH06T15	11	112072930	134856792	524	-0.1147997228434503
SH06T15	12	68276	33030995	775	0.054458397396874636
SH06T15	12	38710819	133389818	1699	0.036494241000930794
SH06T15	13	19414238	103703579	690	-0.6325785216131355
SH06T15	13	103705044	115010330	160	-0.08213172219068776
SH06T15	14	19377859	20086290	31	-0.18907801865005003
SH06T15	14	20201972	107170410	1684	-0.06040465754729385
SH06T15	15	20170150	22705455	104	-0.08389746109375651
SH06T15	15	22706590	35703269	254	-0.04483101205588591
SH06T15	15	36871957	102517992	1458	0.08972323448082209
SH06T15	16	61651	31885195	1064	0.07231190828118472
SH06T15	16	31987859	33784956	79	-0.15885013394400604
SH06T15	16	46642286	90234367	1203	-0.5195192349698954
SH06T15	17	181474	9613459	555	-0.3117072390214106
SH06T15	17	9680451	21826256	488	0.071296793453961893
SH06T15	17	25887530	81082378	1582	0.10254783396488554
SH06T15	17	81082651	81083266	11	-0.28951119218137844
SH06T15	18	48387	112354	11	-0.1326605190863942
SH06T15	18	480801	12634986	260	-0.5596301918990649
SH06T15	18	12948243	14866440	55	0.43015790177703095
SH06T15	18	18690897	77927028	466	-0.6438926814634754
SH06T15	19	306553	24126610	1741	0.15607904583283116
SH06T15	19	30017759	59110529	2059	0.19241869606725137
SH06T15	20	138125	25900273	421	0.044592601530561105
SH06T15	20	29623103	29628488	9	0.03693984970627118
SH06T15	20	29633794	62871658	779	0.1385820815948824
SH06T15	21	9755804	10087696	15	-0.16072007575084446
SH06T15	21	10606585	11098863	25	-0.5297140351834623
SH06T15	21	14418486	15345174	9	-0.269241174844734
SH06T15	21	15352253	47676934	618	-0.03687392422907154
SH06T15	22	16157701	33562887	775	0.13391672673481958
SH06T15	22	33672894	51183017	731	0.5907770684559328
SH06T15	X	205300	53652852	101	-0.126473526365094
SH06T15	X	72066630	155256972	32	-0.12699863591242
